taxa_clean,dm_g,afdm_g,keep_data
Amphipoda,0.001,0.001,TRUE
Amphipoda,0.002,0.001,TRUE
Amphipoda,0.004,0.003,TRUE
Amphipoda,0.003,0.002,TRUE
Amphipoda,0.001,0.001,TRUE
Amphipoda,0.011,0.004,TRUE
Amphipoda,0.004,0.001,TRUE
Amphipoda,0.003,0.001,TRUE
Amphipoda,0.001,0.001,TRUE
Amphipoda,0.003,0.001,TRUE
Amphipoda,0.003,0.001,TRUE
Amphipoda,0.001,0.001,TRUE
Amphipoda,0.006,0.003,TRUE
Amphipoda,0.009,0.003,TRUE
Amphipoda,0.033,0.016,FALSE
Amphipoda,0.031,0.015,FALSE
Amphipoda,0.027,0.015,FALSE
Amphipoda,0.001,0.001,TRUE
Amphipoda,0.002,0.001,TRUE
Amphipoda,0.009,0.003,TRUE
Amphipoda,0.005,0.003,TRUE
Amphipoda,0.01,0.005,TRUE
Amphipoda,0.009,0.005,TRUE
Amphipoda,0.013,0.006,TRUE
Amphipoda,0.009,0.005,TRUE
Amphipoda,0.008,0.004,TRUE
Amphipoda,0.013,0.007,TRUE
Amphipoda,0.008,0.005,TRUE
Amphipoda,0.019,0.008,FALSE
Amphipoda,0.007,0.004,TRUE
Amphipoda,0.013,0.006,TRUE
Amphipoda,0.004,0.004,FALSE
Simplisetia,0.002,0.002,TRUE
Simplisetia,0.002,0.001,TRUE
Simplisetia,0.004,0.002,TRUE
Simplisetia,0.006,0.002,TRUE
Simplisetia,0.005,0.001,TRUE
Simplisetia,0.006,0.002,TRUE
Simplisetia,0.005,0.003,TRUE
Simplisetia,0.004,0.003,TRUE
Simplisetia,0.007,0.001,TRUE
Simplisetia,0.022,0.008,TRUE
Simplisetia,0.001,0.001,FALSE
Simplisetia,0.01,0.004,TRUE
Simplisetia,0.007,0.003,TRUE
Simplisetia,0.006,0.004,TRUE
Simplisetia,0.002,0.001,TRUE
Simplisetia,0.003,0.002,TRUE
Simplisetia,0.019,0.009,TRUE
Simplisetia,0.018,0.008,TRUE
Simplisetia,0.022,0.006,TRUE
Simplisetia,0.019,0.007,TRUE
Simplisetia,0.044,0.014,TRUE
Simplisetia,0.035,0.009,TRUE
Simplisetia,0.042,0.01,TRUE
Simplisetia,0.019,0.008,TRUE
Simplisetia,0.012,0.004,TRUE
Simplisetia,0.055,0.03,TRUE
Simplisetia,0.003,0.003,TRUE
Simplisetia,0.004,0.001,TRUE
Simplisetia,0.002,0.002,TRUE
Simplisetia,0.004,0.002,TRUE
Simplisetia,0.005,0.002,TRUE
Simplisetia,0.012,0.003,TRUE
Simplisetia,0.012,0.004,TRUE
Simplisetia,0.035,0.011,TRUE
Simplisetia,0.088,0.036,TRUE
Simplisetia,0.055,0.025,TRUE
Simplisetia,0.066,0.026,TRUE
Simplisetia,0.025,0.007,TRUE
Simplisetia,0.083,0.023,TRUE
Simplisetia,0.124,0.056,TRUE
Simplisetia,0.132,0.061,TRUE
Simplisetia,0.141,0.069,FALSE
Simplisetia,0.083,0.048,TRUE
Simplisetia,0.119,0.054,TRUE
Simplisetia,0.205,0.095,FALSE
Simplisetia,0.228,0.063,FALSE
Simplisetia,0.216,0.089,FALSE
Simplisetia,0.161,0.059,FALSE
Simplisetia,0.176,0.072,FALSE
Simplisetia,0.066,0.032,TRUE
Simplisetia,0.125,0.049,TRUE
Simplisetia,0.081,0.051,FALSE
Simplisetia,0.074,0.038,TRUE
Simplisetia,0.126,0.056,TRUE
Simplisetia,0.001,0.001,FALSE
Hydrobiidae,0.002,0.001,TRUE
Hydrobiidae,0.004,0.001,TRUE
Hydrobiidae,0.002,0.001,TRUE
Hydrobiidae,0.002,0.001,TRUE
Hydrobiidae,0.009,0.001,TRUE
Hydrobiidae,0.013,0.002,TRUE
Hydrobiidae,0.023,0.002,TRUE
Hydrobiidae,0.08,0.009,FALSE
Hydrobiidae,0.091,0.012,FALSE
Hydrobiidae,0.087,0.01,FALSE
Hydrobiidae,0.017,0.001,TRUE
Hydrobiidae,0.018,0.003,TRUE
Hydrobiidae,0.009,0.001,TRUE
Hydrobiidae,0.008,0.001,TRUE
Hydrobiidae,0.028,0.003,TRUE
Hydrobiidae,0.011,0.001,TRUE
Arthritica,0.003,0.001,FALSE
Arthritica,0.019,0.001,TRUE
Arthritica,0.01,0.001,TRUE
Arthritica,0.008,0.001,TRUE
Arthritica,0.017,0.003,TRUE
Arthritica,0.014,0.002,TRUE
Arthritica,0.016,0.002,TRUE
Arthritica,0.015,0.001,TRUE
Arthritica,0.014,0.001,TRUE
Arthritica,0.295,0.049,FALSE
Arthritica,0.223,0.012,TRUE
Arthritica,0.055,0.005,TRUE
Arthritica,0.107,0.007,TRUE
Arthritica,0.204,0.016,TRUE
Arthritica,0.472,0.078,FALSE
Arthritica,0.224,0.018,TRUE
Arthritica,0.146,0.016,TRUE
Arthritica,0.156,0.013,TRUE
Arthritica,0.331,0.022,TRUE
Arthritica,0.193,0.022,TRUE
Arthritica,0.296,0.051,FALSE
Arthritica,0.093,0.008,TRUE
Arthritica,0.05,0.002,TRUE
Arthritica,0.179,0.037,TRUE
Arthritica,0.23,0.028,TRUE
Arthritica,0.275,0.039,TRUE
Arthritica,0.353,0.041,TRUE
Arthritica,0.072,0.009,TRUE
Arthritica,0.033,0.004,TRUE
Arthritica,0.275,0.023,TRUE
Arthritica,0.917,0.037,FALSE
Arthritica,0.267,0.022,TRUE
Arthritica,0.185,0.012,TRUE
Arthritica,0.346,0.03,TRUE
Arthritica,0.065,0.006,TRUE
Arthritica,0.106,0.01,TRUE
Arthritica,0.124,0.014,TRUE
Arthritica,0.136,0.013,TRUE
Arthritica,0.091,0.008,TRUE
Arthritica,0.01,0.001,TRUE
Arthritica,0.012,0.001,TRUE
Arthritica,0.007,0.001,FALSE
Arthritica,0.015,0.001,TRUE
Capitella,0.006,0.004,TRUE
Capitella,0.008,0.005,TRUE
Capitella,0.002,0.001,TRUE
Capitella,0.004,0.002,TRUE
Capitella,0.001,0.001,FALSE
Capitella,0.003,0.002,TRUE
Capitella,0.004,0.002,TRUE
Capitella,0.007,0.002,TRUE
Capitella,0.005,0.002,TRUE
Capitella,0.009,0.008,TRUE
Capitella,0.004,0.003,TRUE
Capitella,0.002,0.002,TRUE
Capitella,0.006,0.002,TRUE
Capitella,0.009,0.003,TRUE
Capitella,0.008,0.005,TRUE
Capitella,0.006,0.001,TRUE
Capitella,0.006,0.004,TRUE
Capitella,0.007,0.005,TRUE
Capitella,0.007,0.004,TRUE
Capitella,0.008,0.008,TRUE
Capitella,0.006,0.003,TRUE
Capitella,0.012,0.008,TRUE
Capitella,0.022,0.016,TRUE
Capitella,0.014,0.009,TRUE
Capitella,0.017,0.012,TRUE
Capitella,0.021,0.017,FALSE
Capitella,0.01,0.007,TRUE
Capitella,0.009,0.005,TRUE
Capitella,0.012,0.008,TRUE
Capitella,0.002,0.002,TRUE
Capitella,0.003,0.002,TRUE
Capitella,0.002,0.002,TRUE
Capitella,0.004,0.002,TRUE
Capitella,0.004,0.003,TRUE
Capitella,0.003,0.002,TRUE
Capitella,0.002,0.001,TRUE
Capitella,0.003,0.001,TRUE
Capitella,0.004,0.003,TRUE
Capitella,0.028,0.011,TRUE
Capitella,0.008,0.005,TRUE
Capitella,0.01,0.006,TRUE
Capitella,0.01,0.003,TRUE
Capitella,0.006,0.004,TRUE
Capitella,0.006,0.003,TRUE
Capitella,0.008,0.004,TRUE
Capitella,0.036,0.017,TRUE
Capitella,0.013,0.005,TRUE
Capitella,0.031,0.008,FALSE
Capitella,0.01,0.002,TRUE
Capitella,0.009,0.001,TRUE
Capitella,0.008,0.002,TRUE
Capitella,0.007,0.003,TRUE
Capitella,0.006,0.003,TRUE
Capitella,0.03,0.009,TRUE
Capitella,0.008,0.003,TRUE
Capitella,0.013,0.006,TRUE
Capitella,0.01,0.004,TRUE
Capitella,0.008,0.003,TRUE
Capitella,0.012,0.004,TRUE
Capitella,0.01,0.005,TRUE
Capitella,0.009,0.002,TRUE
Capitella,0.004,0.001,TRUE
Capitella,0.043,0.016,FALSE
Capitella,0.038,0.017,TRUE
Capitella,0.071,0.023,FALSE
Capitella,0.037,0.019,TRUE
Capitella,0.052,0.022,FALSE
Capitella,0.028,0.016,TRUE
Capitella,0.047,0.024,FALSE
Capitella,0.022,0.012,TRUE
Capitella,0.033,0.019,TRUE
Capitella,0.062,0.028,FALSE
Capitella,0.024,0.01,TRUE
Capitella,0.069,0.033,FALSE
Capitella,0.022,0.012,TRUE
Capitella,0.03,0.014,TRUE
Capitella,0.044,0.024,FALSE
Salinator,0.008,0.002,TRUE
Salinator,0.002,0.001,TRUE
Salinator,0.005,0.001,TRUE
Salinator,0.039,0.021,TRUE
Salinator,0.194,0.093,FALSE
Salinator,0.231,0.121,FALSE
Salinator,0.017,0.003,TRUE
Salinator,0.015,0.003,TRUE
Salinator,0.074,0.011,TRUE
Salinator,0.089,0.016,TRUE
Salinator,0.013,0.003,TRUE
Salinator,0.032,0.004,TRUE
Salinator,0.096,0.023,TRUE
Salinator,0.002,0.001,TRUE
Chironomidae,0.007,0.005,TRUE
Chironomidae,0.011,0.009,FALSE
Chironomidae,0.006,0.001,TRUE
Chironomidae,0.002,0.001,TRUE
Chironomidae,0.004,0.002,TRUE
Chironomidae,0.002,0.001,TRUE
Chironomidae,0.011,0.005,TRUE
Chironomidae,0.003,0.001,TRUE
Chironomidae,0.007,0.003,TRUE
Chironomidae,0.005,0.003,TRUE
Chironomidae,0.004,0.001,TRUE
Chironomidae,0.005,0.001,TRUE
Chironomidae,0.016,0.01,FALSE
Chironomidae,0.023,0.014,FALSE
Chironomidae,0.002,0.001,TRUE
Chironomidae,0.003,0.001,TRUE
Chironomidae,0.006,0.002,TRUE
Chironomidae,0.009,0.005,TRUE
Chironomidae,0.005,0.003,TRUE
Chironomidae,0.004,0.003,TRUE
Chironomidae,0.003,0.002,TRUE
Chironomidae,0.001,0.001,FALSE
Chironomidae,0.009,0.006,TRUE
Chironomidae,0.005,0.003,TRUE
Chironomidae,0.006,0.004,TRUE
Chironomidae,0.004,0.002,TRUE
Chironomidae,0.002,0.001,TRUE
Chironomidae,0.003,0.002,TRUE
Chironomidae,0.005,0.001,TRUE
Chironomidae,0.002,0.001,TRUE
Chironomidae,0.009,0.005,TRUE
Chironomidae,0.005,0.001,TRUE
Chironomidae,0.003,0.002,TRUE
Chironomidae,0.004,0.001,TRUE
Chironomidae,0.004,0.003,TRUE
Chironomidae,0.004,0.002,TRUE
Chironomidae,0.005,0.004,TRUE
Chironomidae,0.004,0.001,TRUE
Chironomidae,0.008,0.002,FALSE
Chironomidae,0.005,0.003,TRUE
Chironomidae,0.002,0.001,TRUE
Spisula,0.028,0.022,TRUE
Spisula,0.017,0.014,TRUE
Spisula,0.001,0.001,FALSE
Spisula,0.01,0.009,TRUE
Spisula,0.007,0.004,TRUE
Spisula,0.016,0.01,TRUE
Spisula,0.017,0.01,TRUE
Spisula,0.016,0.007,TRUE
Spisula,0.051,0.042,TRUE
Spisula,0.072,0.06,FALSE
Spisula,0.017,0.008,TRUE
Spisula,0.103,0.036,FALSE
Spisula,0.035,0.018,TRUE
Spisula,0.021,0.017,TRUE
Spisula,0.052,0.02,TRUE
Spisula,0.031,0.018,TRUE
Spisula,0.019,0.016,TRUE
Spisula,0.026,0.021,TRUE
Spisula,0.043,0.018,TRUE
Spisula,0.031,0.021,TRUE
Spisula,0.04,0.028,TRUE
Spisula,0.03,0.019,TRUE
Spisula,0.003,0.002,TRUE
Salinator (shell removed),0.291,0.133,TRUE
Salinator (shell removed),0.128,0.053,TRUE
Salinator (shell removed),0.408,0.204,FALSE
Salinator (shell removed),0.073,0.04,TRUE
Salinator (shell removed),0.311,0.138,FALSE
Salinator (shell removed),0.059,0.029,TRUE
Salinator (shell removed),0.064,0.031,TRUE
Salinator (shell removed),0.045,0.018,TRUE
Salinator (shell removed),0.049,0.021,TRUE
Salinator (shell removed),0.064,0.036,TRUE
Salinator (shell removed),0.068,0.026,TRUE
Salinator (shell removed),0.057,0.031,TRUE
Salinator (shell removed),0.054,0.028,TRUE
Salinator (shell removed),0.09,0.042,TRUE
Salinator (shell removed),0.035,0.013,FALSE
